filter_type,filter_value
state,All
state,Andhra Pradesh
state,Arunachal Pradesh
state,Assam
state,Bihar
state,Chhattisgarh
state,Goa
state,Gujarat
state,Haryana
state,Himachal Pradesh
state,Jammu and Kashmir
state,Jharkhand
state,Karnataka
state,Kerala
state,Madhya Pradesh
state,Maharashtra
state,Manipur
state,Meghalaya
state,Mizoram
state,Nagaland
state,Odisha
state,Puducherry
state,Rajasthan
state,Sikkim
state,Tamil Nadu
state,Telangana
state,Tripura
state,Uttar Pradesh
state,Uttarakhand
state,West Bengal
category,"Agriculture,Rural & Environment"
category,"Banking,Financial Services and Insurance"
category,Business & Entrepreneurship
category,Education & Learning
category,Health & Wellness
category,Housing & Shelter
category,Skills & Employment
category,Social welfare & Empowerment
category,Transport & Infrastructure
category,Utility & Sanitation
category,Women and Child
level,Central
level,State
ministry,Ministry Of Agriculture and Farmers Welfare
ministry,Ministry Of Chemicals And Fertilizers
ministry,Ministry Of Commerce And Industry
ministry,"Ministry Of Environment,forests and climate change"
ministry,Ministry Of Home Affairs
ministry,Ministry Of Jal Shakti
ministry,Ministry Of Panchayati Raj
ministry,Ministry Of Rural Development
ministry,Ministry Of Social Justice and Empowerment
ministry,"Ministry of Fisheries,Animal Husbandry and Dairying"
tag,20 Tonne
tag,APEDA
tag,APMC
tag,Accident
tag,Accidental Assistance
tag,Accidental Insurance
tag,Adivasi
tag,Adivasi Farmers
tag,Affordable Feed
tag,Afforestation
tag,Agricultural
tag,Agricultural Activities
tag,Agricultural Equipment Subsidy
tag,Agricultural Exhibition
tag,Agricultural Fair
tag,Agricultural Infrastructure
tag,Agricultural Inputs
tag,Agricultural Land
tag,Agricultural Machinery
tag,Agricultural Malls
tag,Agricultural Market
tag,Agricultural Market Access
tag,Agricultural Marketing
tag,Agricultural Mechinery
tag,Agriculture
tag,Agriculture Activities
tag,Agriculture And Rural Development Bank
tag,Agriculture Department
tag,Agriculture Land Holder
tag,Agriculture Machineries
tag,Agriculture Management System
tag,Agriculture Marketing
tag,Agriculture Subsidy
tag,Agriculture Technology
tag,Agro Ecology
tag,Agro Processing
tag,Agro Service Providers
tag,Alkaline
tag,Animal
tag,Animal Farm
tag,Animal Health
tag,Animal Husbandary
tag,Animal Husbandry
tag,Animal Husbandry Loan
tag,Animal Insurance
tag,Animal Welfare
tag,Animals Health Cover
tag,Anti Bird Net
tag,Antodayay
tag,Aquaculture
tag,Aquarium
tag,Area Expansion
tag,Area Expansion Farming
tag,Arecanut
tag,Aromatic Crops
tag,Artificial Insemination
tag,Assistance
tag,Assistance For Construction
tag,Auction
tag,Award
tag,Awards
tag,BPL
tag,BPL Families
tag,Backyard Poultry
tag,Backyards
tag,Balanced Ration
tag,Bamboo Marketing
tag,Bamboo Plantation
tag,Banana Development
tag,Bank
tag,Battery Operated Three-Wheelers
tag,Beekeeper
tag,Below Poverty Line
tag,Bima
tag,Bio Agent
tag,Bio Compost Sale
tag,Bio Fertilizers
tag,Bio Pesticide
tag,Bio-Floc
tag,Bio-agents
tag,Bio-pesticide
tag,Bio-pesticides
tag,Biofloc
tag,Biofloc Systems
tag,Biotechnology
tag,Bird
tag,Birds Unit
tag,Black Pepper
tag,Block Demonstration
tag,Boar
tag,Boat
tag,Boat Net
tag,Boat-net
tag,Borewell
tag,Brackish
tag,Branding
tag,Breed
tag,Breed Multiplication Farms
tag,Breeding
tag,Broiler Birds
tag,Broiler Birds Unit
tag,Brooder Cum Mother Unit
tag,Buffalo
tag,Buffaloes
tag,Business
tag,Cage
tag,Calamity
tag,Capital
tag,Capital Subsidy
tag,Cardamom
tag,Cash Assistance
tag,Cash Incentive
tag,Cash Prize
tag,Cashewnut
tag,Castor Cake
tag,Cattle
tag,Cattle And Buffalo Breeding
tag,Cattle Breed
tag,Cattle Breeders
tag,Cattle Breeding
tag,Cattle Development
tag,Cattle Farmers
tag,Cattle Farming
tag,Cattle Feed Storage
tag,Cattle Herders
tag,Cattle Shed
tag,Cattleshed
tag,Certification Assistance
tag,Certified Seeds
tag,Chaff Cutter
tag,Chatrapati Shivaji Maharaj Krishi Yojana
tag,Chemical-free Farming
tag,Chicken
tag,Chicks
tag,Chief Minister
tag,Child Development
tag,Chillies
tag,Cinnamon
tag,Climate Resilience
tag,Clothes
tag,Co Operative Banks
tag,Co-Operative Societies
tag,Co-Operative Society
tag,Co-operative Institutes
tag,Co-operative Institutions
tag,Co-operative Irrigation Societies
tag,Co-operative Societies
tag,Coastal
tag,Coconut
tag,Coconut Development
tag,Coconut Grower
tag,Coconut Harvester
tag,Coconut Saplings Distribution
tag,Coconut Tree Climber
tag,Coffee
tag,Coffee Grower
tag,Cold Chain
tag,Cold Chain Infrastructure
tag,Cold Storage
tag,Colocasia
tag,Commercial Plantation
tag,Commercial Shop
tag,Commercial Vehicle
tag,Community Base Water Tank
tag,Community Canning
tag,Compensation
tag,Competition
tag,Computer And Furniture Grant
tag,Computerization
tag,Concentrate Feeds
tag,Conservation
tag,Construction
tag,Construction Of Ice Plant
tag,Construction Of Plant
tag,Consumer
tag,Consumers
tag,Contract Farming
tag,Cooperative
tag,Cooperative Society
tag,Cooperative Union
tag,Cooperative Unions
tag,Coriander
tag,Cotton Seed
tag,Cow
tag,Cow Protection
tag,Cows
tag,Crafts
tag,Credit
tag,Credit Card
tag,Credit Linked Subsidy
tag,Crime
tag,Crisis
tag,Crop
tag,Crop Assistance
tag,Crop Damage
tag,Crop Damage Support
tag,Crop Display
tag,Crop Diversification
tag,Crop Husbandary
tag,Crop Insurance
tag,Crop Loan
tag,Crop Loss
tag,Crop Losses
tag,Crop Production
tag,Crop Promotion Program
tag,Crop Protection
tag,Crop Protection Chemicals
tag,Crop Storage
tag,Crops
tag,Crops Damage
tag,Cultivation
tag,Cultivator
tag,Cultivators
tag,Culture
tag,Custom Hiring Centre
tag,Custom Hiring Centres
tag,Cutter
tag,DBT
tag,Dairy
tag,Dairy Development
tag,Dairy Farmer
tag,Dairy Farming
tag,Dairy Unit
tag,Dairying
tag,Damage Assistance
tag,Dance
tag,Death
tag,Death Benefits
tag,Death Compensation
tag,Death Insurance
tag,Deceased
tag,Demonstration
tag,Dependent
tag,Destitute
tag,Development
tag,Development Fund
tag,Development Of Green Estate
tag,Diesel
tag,Digital Infrastructure
tag,Direct Benefit Transfer
tag,Disability
tag,Disability Empowerment
tag,Disabled
tag,Disabled Person
tag,Disaster
tag,Disaster Compensation
tag,Disease
tag,Disease-free Life
tag,Displaced
tag,Distribution Of Seeds
tag,Distribution Of Sheep Units
tag,Diversification
tag,Divyang
tag,Dragon Fruit Development
tag,Dragon Fruit Farming
tag,Drip Irrigation
tag,Drip Sanyantr
tag,Drone
tag,Drone Technology
tag,Drought
tag,Dryland Agriculture
tag,Duck
tag,E-Market
tag,E-bidding
tag,E-payment
tag,Earthquake
tag,Edible Oil
tag,Educated
tag,Education
tag,Electric Scooter Subsidy
tag,Electric Vehicle
tag,Electricity
tag,Electricity Saving
tag,Electricity Supply
tag,Electronic Trading
tag,Employment
tag,Empower
tag,Empowerment
tag,Energy Conservation
tag,Engine
tag,Engineering
tag,Enterpreneurship
tag,Entrepreneur
tag,Entrepreneurs
tag,Entrepreneurship
tag,Entrepreneurship Development
tag,Entrepreneurship Skills
tag,Environment
tag,Environment Infrastructure
tag,Environmental Compliance
tag,Environmental Management
tag,Equipment
tag,Equipment Distribution
tag,Ex-Serviceman
tag,Exemption
tag,Exhibition
tag,Export
tag,Export Infrastructure
tag,Export Promotion
tag,Extension
tag,FFPO
tag,FIG
tag,FPC
tag,FPO
tag,Fair
tag,Fair Compensation
tag,Famers
tag,Family
tag,Family Scheme
tag,Farm
tag,Farm Equipment
tag,Farm Machinery
tag,Farm Mechanization
tag,Farm Productivity
tag,Farm Storage
tag,Farm Tools
tag,Farmer
tag,Farmer Camp
tag,Farmer Group
tag,Farmer Market
tag,Farmer Support Centers
tag,Farmer Welfare
tag,Farmers
tag,Farmers Associations
tag,Farmers Group
tag,Farmers Interest Group
tag,Farmers Producer Organizations FPO
tag,Farmers Producer’s Organization
tag,Farmers Scientist Interaction
tag,Farming
tag,Farming Assistance
tag,Farming Infrastructure
tag,Farming Land
tag,Farms
tag,Feed For Seed
tag,Feeder
tag,Feeders
tag,Fellowship
tag,Female Calf Breeding
tag,Fertilizer
tag,Fertilizer Subsidies
tag,Fertilizers
tag,Field Demonstration
tag,Fig Development
tag,Financial
tag,Financial Aid
tag,Financial Asisstance
tag,Financial Assistance
tag,Financial Benefits
tag,Financial Relief
tag,Financial Support
tag,Fingerling
tag,Fish
tag,Fish Activities
tag,Fish Cage Culture
tag,Fish Collection Cum Patrolling Boat
tag,Fish Crop
tag,Fish Culture
tag,Fish Exports
tag,Fish Farmer
tag,Fish Farmers
tag,Fish Farming
tag,Fish Feed
tag,Fish Hatchery
tag,Fish Preservation
tag,Fish Production
tag,Fish Quality
tag,Fish Rearing Unit
tag,Fish Sale Equipments
tag,Fish Seed
tag,Fish Seed Farm
tag,Fish Seed Rearing
tag,Fish Seed Stocking
tag,Fish Seller
tag,Fish Sellers
tag,Fish Transport
tag,Fish Transportation
tag,Fisheries
tag,Fisherman
tag,Fishermen
tag,Fishery
tag,Fishery Machinery
tag,Fishing Activities
tag,Fishing Nets
tag,Fishries
tag,Flood
tag,Floriculture
tag,Flower
tag,Flower Development
tag,Flower Farming
tag,Fodder
tag,Fodder Block Making
tag,Fodder Development
tag,Fodder Minikit
tag,Fodder Minikits
tag,Fodder Value Addition
tag,Food
tag,Food Industry
tag,Food Security
tag,Forconstruction Of Cattle
tag,Forest
tag,Forest Department
tag,Forestry
tag,Foundation Seeds
tag,Fountain Plant
tag,Four-wheeler
tag,Free Distribution Of Inputs
tag,Fresh Water
tag,Freshwater Hatcheries
tag,Fruit
tag,Fruit Crop
tag,Fruit Crops
tag,Fruit Cultivation
tag,Fruit Development
tag,Fruit Preservation
tag,Fruit Processing
tag,Fruit Production
tag,Fruits
tag,Ganga
tag,Gap-filling Fund
tag,Garden
tag,Gene
tag,General
tag,General Category
tag,Generator
tag,Genetic Improvement
tag,Genetic Upgradation
tag,Ginger
tag,Girl
tag,Girl Education
tag,Goat
tag,Goat Breeding
tag,Goat Farming Scheme
tag,Goat Unit
tag,Godown
tag,Godown Construction
tag,Goods Vehicles
tag,Grading
tag,Grain
tag,Gram Panchayat
tag,Gramya
tag,Grant
tag,Green Energy Initiative
tag,Green Houses
tag,Green Practices
tag,Greenhouse Subsidy
tag,Groundnut
tag,Group
tag,Gypsum
tag,HRT-2
tag,HRT-3
tag,HRT-4
tag,Hailstorms
tag,Hand Pump
tag,Haritha Haram
tag,Haritha Mitra Awards
tag,Harvester Group
tag,Harvesting Tool
tag,Harvesting Tools
tag,Hatcheries
tag,Hatchery
tag,Health
tag,Healthcare
tag,Heavy Farm Equipment
tag,Heifers Of Cattle And Buffaloes
tag,Hi-Tech
tag,High Density Plantation
tag,Higher Education
tag,Holiday
tag,Honey FPO
tag,Honour
tag,Horticultural
tag,Horticultural Seedlings
tag,Horticultural Training
tag,Horticulture
tag,Horticulture Training
tag,Housing
tag,Husbandry
tag,Hybrid Seed
tag,IARI
tag,INM
tag,IPM
tag,ITEAMS
tag,Ice Box
tag,Ice Plant
tag,Import Exotic Pig
tag,Imported Plant
tag,Improve Economic Conditions
tag,Improve Seed Quality
tag,Incentive
tag,Incentives
tag,Income
tag,Income Generation Opportunities
tag,Income Support
tag,Income Tax
tag,Increased Income
tag,Indigenous Cattle
tag,Indigenous Cow
tag,Individual Farm Pond
tag,Industries
tag,Industry
tag,Infrastructural Facilities
tag,Infrastructure
tag,Infrastructure Development
tag,Infrastructure Support
tag,Initial Crop
tag,Injured
tag,Injury
tag,Inland Fishing
tag,Input Kits
tag,Insaurance
tag,Institution
tag,Insurance
tag,Insurance Coverage
tag,Integrated Agriculture
tag,Integrated Development
tag,Integrated Farming
tag,Integrated Pest Management
tag,Integrated Technology
tag,Intensive Farming
tag,Intercropping Assistance
tag,Interest
tag,Interest Rate
tag,Interest Subvention
tag,Internship
tag,Investment
tag,Investment Grant
tag,Investment Subsidy
tag,Irrigated Area
tag,Irrigation
tag,Jal Hauj
tag,Jammu
tag,Jhangora
tag,Journalist
tag,KALIA
tag,Kadaknath
tag,Kashmir
tag,Khet Talai
tag,Kisan
tag,Kisan Award
tag,Kisan Bazaar
tag,Kisan Credit Card
tag,Kisan Ratna
tag,Kisan Sahay
tag,Kisan Shri
tag,Kitchen Gardening
tag,Koisks
tag,Koli Caste
tag,Kufri Chipsona Varient
tag,LIC
tag,Lab
tag,Laboratory
tag,Laborer
tag,Labour
tag,Land
tag,Landless
tag,Large RAS
tag,Lease
tag,Lease Money
tag,Life Insurance
tag,Liquid Manure
tag,Livelihood
tag,Livelihoods
tag,Liverstock
tag,Livestock
tag,Livestock Agencies
tag,Livestock Board
tag,Livestock Diseases
tag,Livestock Farming
tag,Livestock Rearing
tag,Livestock Unit
tag,Loan
tag,Local Crop
tag,Lotus Fruit Farming
tag,Low Cost Fartming
tag,Low Genetic Animal
tag,MMAPUY
tag,MSME
tag,Machine
tag,Machinery
tag,Machinery Bank
tag,Machinery Hub
tag,Machinery Subsidy
tag,Machines
tag,Magel Tyala Shettale
tag,MahaDBT
tag,Mahila
tag,Maintenance Support
tag,Maize
tag,Makhana Development
tag,Makhana Seed Distribution
tag,Male Pig
tag,Malnutrition
tag,Management
tag,Management Information System
tag,Mandua
tag,Mango Development
tag,Manually Operated Equipment
tag,Manufacture
tag,Manufacturing
tag,Manure
tag,Marginal Farmer
tag,Marine
tag,Market
tag,Market Committee
tag,Market Committees
tag,Market Development
tag,Marketing
tag,Maschyajibi
tag,Mechanical
tag,Mechanisation
tag,Mechanization
tag,Medical Treatment
tag,Medicinal Crops
tag,Micro Irrigation
tag,Micro Nutrient Spray
tag,Micronutrients
tag,Milch Animal
tag,Milch Animals
tag,Milk
tag,Milk Cooperatives
tag,Milk Mission
tag,Milk Production
tag,Mill
tag,Millet
tag,Millet Development
tag,Millets
tag,Mini Dairy Unit
tag,Mini Fish Feed Mill
tag,Mini Sprinkler Sanyantr
tag,Mini Tractor
tag,Minikits
tag,Missing
tag,Mission
tag,Modern Facilities
tag,Modern Laboratories
tag,Modernization Of Cold Storage
tag,Most Backward
tag,Motor
tag,Motorcycle
tag,Mukhayamantri
tag,Mukhya Mantri
tag,Mulching
tag,Murrah
tag,Mushroom Cultivation
tag,Mushroom Development
tag,Mushroom Kit
tag,Mushroom Production
tag,NDKSP
tag,NPV
tag,Nalkoop
tag,Nano Fertilizer
tag,Nano Fertilizers
tag,Natural Calamities
tag,Natural Calamity
tag,Natural Disaster
tag,Natural Disaster Coverage
tag,Natural Farming
tag,Neera Technician
tag,Net
tag,New Employment
tag,New Ponds
tag,Non-Farm Sector Activities
tag,North Eastern Hill
tag,Nuclear Poly Hedrosis Virus
tag,Nurseries
tag,Nursery
tag,Nursery Development
tag,Nutri Cereals
tag,Nutrition
tag,Odisha
tag,Oil
tag,Oil Palm
tag,Oil Palm Mill
tag,Oil Palm Nursery Development
tag,Oil Palm Replanting
tag,Oil Seeds
tag,Oilseed
tag,Oilseeds
tag,Old Age
tag,Opportunities
tag,Opportunity
tag,Orchard
tag,Organic Crop
tag,Organic Farming
tag,Organic Fertilizers
tag,Organic Input Subsidy
tag,Organic Manure
tag,Ornamental
tag,Ornamental Aquaculture
tag,PM KISAN TOP UP
tag,PMMSY
tag,POCRA
tag,Packing Material Subsidy
tag,Paddy
tag,Pahani
tag,Palm
tag,Panchayat
tag,Papaya Cultivation
tag,Papaya Development
tag,Parent Farm
tag,Partial Disability
tag,Pension
tag,Person With Disability
tag,Pest Control
tag,Pest Management
tag,Pesticide-free Agriculture
tag,Pesticides
tag,Petrol
tag,PhD
tag,Pig
tag,Pig Farm
tag,Pig Farming
tag,Pig Germplasm
tag,Pig Semen
tag,Piggery
tag,Piggery Unit
tag,Pineapple
tag,Pipe Line
tag,Pipes
tag,Plant
tag,Plant Protection
tag,Plant Protection Equipment
tag,Plant Protection Pesticides
tag,Plant Supply
tag,Plantation
tag,Plantation Assistance
tag,Plantation Crop
tag,Planting
tag,Planting Material
tag,Planting Materials
tag,Plastic Mulching
tag,Playground
tag,Plug Nursery
tag,Pollution
tag,Poly House
tag,Poly Houses
tag,Poly Sheets
tag,Polythene
tag,Polythene Mulch Technology
tag,Pond
tag,Ponds
tag,Pork Export
tag,Pork Production
tag,Post Harvest
tag,Post Harvest Management
tag,Post Harvesting Technology
tag,Post-Harvest Management
tag,Post-harvest
tag,Post-harvest Management
tag,Potato
tag,Poultry
tag,Poultry Farming
tag,Poultry Training
tag,Poverty Alleviation
tag,Poverty Reduction
tag,Power
tag,Power Operated Plant Protection Equipment
tag,Power Tiller
tag,Prawn Seed Stocking
tag,Pregnant Cattle
tag,Pregnant Cows Or Buffaloes
tag,Pregnant Desi Indigenous Cows
tag,Premium
tag,Processed Food
tag,Processing
tag,Processing Lab
tag,Processing Units
tag,Processor
tag,Procurement
tag,Product Development
tag,Production
tag,Production Of Seeds
tag,Productivity
tag,Professional
tag,Promote Afforestation
tag,Promoter
tag,Property
tag,Protected Cultivation
tag,Public School
tag,Pulses
tag,Pulses ISPOM
tag,Pulses Production
tag,Pump
tag,Pump Installation
tag,Pump Set
tag,Purchase
tag,PwD
tag,Quality
tag,Quality Control Laboratories
tag,Quality Development
tag,Quality Planting Material
tag,Quality Seeds
tag,RAS
tag,RKVY
tag,Rainfed
tag,Raw And Ripe Mandap
tag,Ready
tag,Recirculating Aquaculture System
tag,Reconstruction
tag,Recreation
tag,Refrigerated Vehicle
tag,Rehabilitation
tag,Reimbursement
tag,Relief
tag,Renewable Energy
tag,Reproductive Technology
tag,Research
tag,Research Station
tag,Research Stations Visit
tag,Researcher
tag,Response Vehicle
tag,Retail
tag,Retail Outlets
tag,Rhizobium
tag,Rhode Island Red
tag,Rhode Island Red (RIR)
tag,Rice
tag,Road
tag,Road Construction
tag,Rubber
tag,Rural
tag,Rural Development
tag,Rural Employment
tag,Rural Entrepreneur
tag,Rural Hatchery
tag,Rural Poultry
tag,SC
tag,SC-majority Villages
tag,SHG
tag,SHG Farmers
tag,SHGs
tag,SMAE
tag,SMAM
tag,SSI Unit Loan
tag,ST
tag,Sale Union
tag,Saline
tag,Samagra
tag,Sample
tag,Sanedo Equipment
tag,Sanitation
tag,Sanitation Worker
tag,Sashaktikaran Yojana
tag,Saur Swarojgar
tag,Scavenger
tag,Schedule Caste
tag,Scheduled Caste
tag,Scheduled Castes
tag,Scheduled Tribe
tag,Scheduled Tribes
tag,Scholarship
tag,Scientific Farming
tag,Scientist
tag,Security
tag,Seed
tag,Seed Bank
tag,Seed Distribution
tag,Seed Garden
tag,Seed Hub
tag,Seed Multiplication
tag,Seed Nursery
tag,Seed Orchard Infrastructure
tag,Seed Production
tag,Seed Replacement Rate
tag,Seed Spices
tag,Seed Supply
tag,Seed Testing
tag,Seed Transportation
tag,Seed Village
tag,Seedlings
tag,Seeds
tag,Self Employment
tag,Self Help Group (SHG)
tag,Self Help Groups
tag,Self-employment
tag,Self-help Group
tag,Semen
tag,Seminar
tag,Senior Citizen
tag,Sericulture
tag,Setting Up
tag,Shark
tag,Shednet House
tag,Sheep
tag,Sheep Breeders
tag,Sheep Farming
tag,Sheep Unit
tag,Shelter For Cattle
tag,Shop Allotment
tag,Shorting Equipment
tag,Shrimp
tag,Shrimp Crop
tag,Shrimp Culture
tag,Shrimp Exports
tag,Skill
tag,Skill Development
tag,Small Biofloc Establishment
tag,Small Farm Implements
tag,Small Farmer
tag,Small RAS
tag,Smartphone
tag,Social Justice
tag,Social Welfare
tag,Society
tag,Soil
tag,Soil Fertility
tag,Soil Health
tag,Soil Health Card
tag,Soil Testing
tag,Soil Testing Lab
tag,Solar Energy
tag,Solar Fencing
tag,Solar Home System
tag,Solar Inverter
tag,Solar Irrigation
tag,Solar Irrigation Pumps
tag,Solar Power Unit
tag,Solar Subsidy
tag,Solar System
tag,Solar Units
tag,Solar Water Heater
tag,Solar Water Pump
tag,Solid Waste Management
tag,Special Backward Tribal
tag,Spice
tag,Spice Crop
tag,Spice Farming
tag,Spice Seed
tag,Spices
tag,Sports
tag,Start Up
tag,StartUp
tag,State Seed Development Corporation
tag,Stipend
tag,Storage
tag,Storage Facilities
tag,Storage Infrastructure
tag,Strawberry Cultivation
tag,Strawberry Development
tag,Stray Cattle
tag,Student
tag,Sub-Mission
tag,Subsidies
tag,Subsidized Rams
tag,Subsidy
tag,Subsidy Assistance
tag,Subsidy On Inputs
tag,Subsidy On Seed
tag,Sugar Co-operatives
tag,Sugar Co-operatives Factories
tag,Sugar Mills
tag,Sugarcane
tag,Sugarcane Collection Centers
tag,Sugarcane Farmers
tag,Sugarcane Farming
tag,Support For Acquisition Of Deep Sea Fishing Vessels
tag,Survey
tag,Sustainability
tag,Sustainable Agriculture
tag,TASP
tag,Taarabandi
tag,Tank Excavation
tag,Tapioca
tag,Tarpaulin
tag,Tax
tag,Tea
tag,Tea Development
tag,Tea Grower
tag,Teak And Sal
tag,Technologies
tag,Technology
tag,Technology Support
tag,Telangana Ku Haritha Haram
tag,Telephone Advice
tag,Terms Loan
tag,Testing
tag,Thakor Caste
tag,Three Wheeler
tag,Three-year Nurturing
tag,Tissue Culture Banana
tag,Tools
tag,Total Mixed Ration
tag,Tractor
tag,Trader
tag,Tradition
tag,Traditional Agriculture
tag,Traditional Fishermen
tag,Training
tag,Training Centre
tag,Training Institute
tag,Training Kit
tag,Training Of Scheduled Caste Trainees
tag,Training Of Tribal Trainees
tag,Training Program
tag,Trainning
tag,Transport
tag,Transport Subsidy
tag,Transportation
tag,Tree
tag,Tree Plantation
tag,Trees
tag,Trellis Mandap
tag,Tribal
tag,Tribal Area
tag,Tribal Area Farmers
tag,Tribal Farmers
tag,Tribal Welfare
tag,Tribe
tag,Trichoderma
tag,Trichogramma
tag,Tube Well
tag,Tuber Crops
tag,Tubewell
tag,Turmeric
tag,Umbrella Scheme
tag,Unemployed
tag,Unemployed Youth
tag,Unnayan
tag,Upgradation Of Existing Fishing Vessels
tag,Urban
tag,Vaccination
tag,Value Addition In Crops
tag,Vegetable
tag,Vegetable Crop
tag,Vegetable Crops
tag,Vegetable Cultivation
tag,Vegetable Farming
tag,Vegetable Grower
tag,Vegetable Processing
tag,Vegetable Production
tag,Vegetable Seed
tag,Vegetables
tag,Vehicle
tag,Vendor
tag,Veterinarian
tag,Veterinary
tag,Vidya Niketan
tag,Village
tag,Village Profiling
tag,Villager
tag,Vimukta Jatis And Nomadic Tribes
tag,Vocational Training
tag,Walk In Tunnel
tag,Warehouse Godowns
tag,Water
tag,Water Carrying Pipeline
tag,Water Conservation
tag,Water Distribution
tag,Water Drinkers
tag,Water Harvesting
tag,Water Management
tag,Water Resources
tag,Water Shortage
tag,Water Source
tag,Water Tank
tag,Waters
tag,Watershed
tag,Weaker Section
tag,Welfare
tag,Whale
tag,Wheat
tag,Widow
tag,Wild Animal
tag,Wildlife
tag,Wire Fencing
tag,Wire Mash
tag,Woman
tag,Women
tag,Women Empowerment
tag,Wood
tag,Youth
tag,Youth Entrepreneur
tag,Youth Productivity
tag,Zero Interest
schemeFor,Family
schemeFor,Individual
schemeFor,Infra
